relative_path	file_type	size_bytes	md5
analysis/01_program_definition/Step01A_inventory_and_standardize.R	R	8189	a71b45dd87d415111cedb60bf4927333
analysis/01_program_definition/Step01B_BrainSpan_cortex_convergence_v2.R	R	17149	3d265ccec58afc7e416615294ab24865
analysis/01_program_definition/Step01C_BrainSpan_stage_specificity_enrichment.R	R	11186	feb763b6889fe458baea0ada63247fb4
analysis/01_program_definition/Step06B_update_program_selection_after_GSE64018_v2.R	R	7809	b68cb51ddf779e295a6f552720b72084
analysis/01_program_definition/Step06_program_summary_and_selection.R	R	16057	a1dba666aa59c2439cec44bf242735ba
analysis/02_adult_bulk/Step02_GSE102741_midPrenatal_program_projection_v2.R	R	10947	45d50c7e5ecd155a277df49f8f6e775a
analysis/02_adult_bulk/Step03b_Gandal_covariate_sensitivity_v5.R	R	21265	f7bcab32e53915a84e36038cd8914475
analysis/02_adult_bulk/Step03c_Gandal_alternative_scoring_sensitivity_v4_dedup.R	R	24104	a204f20eeac02bdde81945d5a802edc7
analysis/02_adult_bulk/Step03_Gandal_bulk_validation_v4.R	R	16280	810e9d4a116f496d4a91a0c19df68d95
analysis/02_adult_bulk/Step08B_GSE64018_remap_and_reintegration_v3.R	R	15657	9b4b98b60817bb3f7990f7592335563c
analysis/02_adult_bulk/Step08_bulk_integration_and_sensitivity_v4.R	R	13113	ee03a818adbf7b8d33328e3f6c755f2d
analysis/02_adult_bulk/Step08C_bulk_random_effects_meta_heterogeneity_v1.R	R	9324	965f43684b9f1373105fe41ea330ca98
analysis/02_adult_bulk/Step09A_bulk_leave_one_cohort_out_v2.R	R	3877	9dcc49712d41c88ec19d46e7f0e531be
analysis/02_adult_bulk/Step10A_bulk_cell_composition_deconvolution_nnls_v17.R	R	24971	cc3ebe538dcb1827d6b755fc32e088fc
analysis/02_adult_bulk/Step10A_prepare_bulk_inputs_v2.R	R	16271	c1a553b6b8b9bec300d4a1169befd42a
analysis/03_adult_singlecell/Step04B_Velmeshev_program_projection.R	R	16796	b5069b71c7a6632503ebdd0b67b93f1b
analysis/03_adult_singlecell/Step04C_Velmeshev_broadClass_covariate_model.R	R	9823	aa8ce9bea68f5d23dd10d8943e81be81
analysis/03_adult_singlecell/Step05B_PsychENCODE_program_projection.R	R	16756	3759c4f2d06543213db43f73dff96eec
analysis/03_adult_singlecell/Step05C_PsychENCODE_subtype_consistency_v3.R	R	13643	85cdf0b1829e9040d455043bf75c9bd1
analysis/03_adult_singlecell/Step05D_PsychENCODE_annotation_covariate_model_v2.R	R	11260	96ad036c4f4de1315929985cee522d02
analysis/03_adult_singlecell/Step07A_Velmeshev_UCell_AUCell_localization_v4.R	R	12891	0be42e61ab2dc24f25bc9041bd2ce416
analysis/03_adult_singlecell/Step07B_PsychENCODE_UCell_AUCell_localization_v4.R	R	12573	05bf35750ea6de068a99ecacc17e4aec
analysis/03_adult_singlecell/Step10C_adult_sc_donor_program_validation_manuscript_v2.R	R	23067	b76bb6dbc48af297b704129aca0433f0
analysis/03_adult_singlecell/Step10C_adult_sc_donor_pseudobulk_validation_raw_v5.R	R	20168	2f496e62dda0786ee2febd897288e509
analysis/04_fetal_localization/Step11A_fetal_singlecell_localization_final_fix4.R	R	25231	17f2ebc91d25c29e9f884503034a5e91
analysis/04_fetal_localization/Step11A_posthoc_annotate_Eze2021_clusters_strict.R	R	7245	5ae744032ecbc572e95a09f57b00a8b8
analysis/04_fetal_localization/Step11A_prepare_fetal_reference_from_Eze2021.R	R	13586	dff3aa03aec6bc1fa46972191ed37cea
analysis/04_fetal_localization/Step11B_GSE104276_external_fetal_replication_v3.R	R	12527	5196df7baa10a0da371248ba7035e306
analysis/04_fetal_localization/StepB_load_external_fetal_references.R	R	23965	8bbad7dd6b898f4866d41a05d1a510e7
analysis/04_fetal_localization/StepC_corrected_external_reference_prep.R	R	25459	a1658db29acc4d3df0febf35a289e6f1
analysis/04_fetal_localization/StepD_external_reference_program_scoring_fix_header_v3.R	R	31975	3404203fd2eefde9c7950b05d6103332
analysis/04_fetal_localization/StepE1_GSE162170_RNA_cluster_annotation_from_multiome_v3.R	R	18372	f98d54d917c651476bd5cd183304369c
analysis/04_fetal_localization/StepE2_external_reference_broadclass_summary_v4.R	R	7678	d6f25c48c5171a4db02ba33b88a20d0d
analysis/05_functional_refinement/Step12A_SynGO_refinement_fix2.R	R	12230	cacb9844583c96586975d78e9399ffaa
analysis/05_functional_refinement/Step12B_upstream_regulator_refinement.R	R	16603	f295ad35bedf2d7afcaa16dbec64cabf
analysis/06_specificity/Step13A_specificity_matched_random_controls.R	R	22490	06ac68808e8c5f2654f10c571919ea23
analysis/07_revision_robustness/check_GSE64018_program_overlap.R	R	1951	d518e76289c6b2d241d3eafe3d085277
analysis/07_revision_robustness/MA_round1A_midPrenatal_metric_v1.R	R	8780	e5e57d533364bf97117b585e9334e07f
analysis/07_revision_robustness/MA_round1B_prepost_CI_v1.R	R	15045	5eba09dc7bc8ec638666f39881916b8c
analysis/07_revision_robustness/MA_round1C_synaptic_nonsynaptic_v2.R	R	12402	6b3e1162bee6900e2aa1786f7ee0854c
analysis/07_revision_robustness/MA_round2A_alt_deconvolution_v1.R	R	16881	70e107959d1f6f194c0a0b6e664a35d3
analysis/07_revision_robustness/MA_round2B_camera_roast_v2.R	R	15167	d6c20a82b17e32b31628bc5c84296b65
analysis/07_revision_robustness/MA_round3A_synaptic_leave1out_v6.R	R	25354	c9818d3f96d61442627dd9223b144fae
analysis/07_revision_robustness/MA_round3B_GSE64018_divergence_v3.R	R	21107	f6fda1e1a8da25cabf8a856d76f9964f
analysis/07_revision_robustness/MA_round3C_gene_harmonization_v1.R	R	18226	ba8229cb634c0dad59ffef5eafebae8c
analysis/07_revision_robustness/MA_round3D_best_available_covariate_models_v1.R	R	26948	8314e5e5caaa8d4e32db43e346c9a1b1
analysis/07_revision_robustness/Q3_nnls_benchmark_v1.R	R	10291	62af68937bc358bdf45afebbfee55185
analysis/08_additional_sensitivity/Step60A_BrainSpan_boundary_sensitivity_v1.R	R	19143	b550f6d4cfa512749648e722d6ea2e9f
analysis/08_additional_sensitivity/Step60B_add_Gandal_and_merge_v4.R	R	13158	2e45a4a78144d57f964d8b03267a45f0
analysis/08_additional_sensitivity/Step60B_detection_filtered_rescoring_v3.R	R	12965	c2d94ecee3cfd300db1bdbfab38d506b
analysis/_project_collected/assemble_S9_S10_figures_v2.R	R	6103	a1d3e8577879db8c86683ae23f863d78
analysis/_project_collected/assemble_S9_S10_figures_v3.R	R	8017	67139cba8650de9e5f50aac8b27081c6
analysis/_project_collected/assemble_S9_S10_figures_v4.R	R	7335	d9cd920d2d1a090891265f3477a29e40
analysis/_project_collected/check_GSE64018_program_overlap.R	R	1951	d518e76289c6b2d241d3eafe3d085277
analysis/_project_collected/Figure1_program_selection_v10.R	R	7658	c0c18cbdee71356d221255bb6798098a
analysis/_project_collected/Figure1_program_selection_v11_consistency.R	R	7938	23effa24bfea1d3a8eb9aef3faebab33
analysis/_project_collected/Figure1_program_selection_v12_labelsync.R	R	7952	5b38209356a3cb70d74c97f8204e5571
analysis/_project_collected/Figure1_program_selection_v13_fullnames.R	R	7988	bb0d5f3ecd047ababb6c80727cc4a886
analysis/_project_collected/Figure1_program_selection_v2.R	R	3600	6648ff7d49bc5cb9602af36fd981673e
analysis/_project_collected/Figure1_program_selection_v3.R	R	10106	41a639bef8c93a06c8f09dfc4bafb53c
analysis/_project_collected/Figure1_program_selection_v4.R	R	10312	23d115c4e83e08ac3b8f0444da1da73a
analysis/_project_collected/Figure1_program_selection_v5.R	R	12099	282de4f319ff8564964033c7b3e82708
analysis/_project_collected/Figure1_program_selection_v6.R	R	11542	a9c9921192eda94f24d46865f29a3662
analysis/_project_collected/Figure1_program_selection_v7.R	R	8060	b7197c533ef69d73d8dc3aa3eab37493
analysis/_project_collected/Figure1_program_selection_v8.R	R	8133	c6ad252f57eceb66741a271a9181413c
analysis/_project_collected/Figure1_program_selection_v9.R	R	8038	4962c324f42c093074b25a43dc9e1249
analysis/_project_collected/Figure2_adult_bulk_singlecell_v1.R	R	7175	aaf037ff9b04c0804879954f8c7382c7
analysis/_project_collected/Figure2_adult_bulk_singlecell_v2.R	R	7331	cb20645f98db1655b90f62533bf61767
analysis/_project_collected/Figure2_adult_bulk_singlecell_v3.R	R	7049	8176a5a55242b0a76ed605738bf413ad
analysis/_project_collected/Figure2_adult_bulk_singlecell_v4_consistency.R	R	7251	ce413e7e10491ae7e0877b83c8ed6141
analysis/_project_collected/Figure2_adult_bulk_singlecell_v5_labelsync.R	R	7301	86b6773f87150e090d7bdf19b9ccd65f
analysis/_project_collected/Figure3_deconvolution_adjustment_v1.R	R	7515	a2265c7d381e012c403ca249b4d869a0
analysis/_project_collected/Figure3_deconvolution_adjustment_v2.R	R	5916	f07e72cb8d2dc880094505af9d6b0825
analysis/_project_collected/Figure3_deconvolution_v2_consistency.R	R	9718	8f484cafb5177eb9c4291b3c1fc243e7
analysis/_project_collected/Figure3_deconvolution_v2.R	R	3493	93748b8f3662b15630ae2a1ce9f62e77
analysis/_project_collected/Figure3_deconvolution_v3_consistency.R	R	10069	81bd14034bc66436e22af2edb1aa8d8b
analysis/_project_collected/Figure3_deconvolution_v4_consistency.R	R	11375	e39c479579043b75b36061f02b9f66d9
analysis/_project_collected/Figure3_deconvolution_v5_consistency.R	R	13180	6e2079c8e860e50fb958eb48df75f391
analysis/_project_collected/Figure3_deconvolution_v6_consistency.R	R	13182	55532706173529bd41ba9169edcad148
analysis/_project_collected/Figure3_deconvolution_v7_strictConsistency.R	R	10201	93deec06b089bed638717dbbaa4c91f7
analysis/_project_collected/Figure4_fetal_localization_v1.R	R	6554	83b75e705692b8d820cd8be7c638fe50
analysis/_project_collected/Figure4_fetal_localization_v2.R	R	7785	5251a30cf3647408d2943269210b1aa6
analysis/_project_collected/Figure4_fetal_localization_v3.R	R	7750	57ba00dac7f76c48126fe640d4eb38ee
analysis/_project_collected/Figure5_functional_refinement_v1_fix1.R	R	10417	d20f8537c68a3c54235f99510efcc7e1
analysis/_project_collected/Figure5_functional_refinement_v1.R	R	10246	1c000806ee346b8e50fece369301ff61
analysis/_project_collected/Figure5_functional_refinement_v2_fix1.R	R	10863	75181960aa71927dd5ca4941f4a09a6a
analysis/_project_collected/Figure5_functional_refinement_v2.R	R	10901	32eabfb86f0543b99f46e0415e6eac0a
analysis/_project_collected/Figure5_functional_refinement_v3_labelsync.R	R	10916	853051036ad81f7e8b3c087f241029eb
analysis/_project_collected/Figure5_functional_refinement_v5_labelsync_final.R	R	10962	a85b9ec7d63657812f349c45860232aa
analysis/_project_collected/Figure6_specificity_controls_v1_fix1.R	R	16030	6b905caf33ee917fbde82b4766dddffa
analysis/_project_collected/Figure6_specificity_controls_v1_fix2.R	R	15315	1c800855506819c1c39a2031722dd5e3
analysis/_project_collected/Figure6_specificity_controls_v1.R	R	12839	04f9c73904f93699f7ce0aa66d653140
analysis/_project_collected/Figure6_specificity_controls_v2.R	R	3073	8768d152cb7bde4699e58efb7c20958d
analysis/_project_collected/Figure6_specificity_controls_v3_fix1.R	R	12445	cdc73dddfca5c1f75bbc00910eedf828
analysis/_project_collected/Figure6_specificity_controls_v3.R	R	12296	d80084a70889b32d462625f6e002216e
analysis/_project_collected/Figure6_specificity_controls_v4_labelsync.R	R	12681	ddd48e62b0356ca2c242ae8a8ec75d84
analysis/_project_collected/Figure_helpers_ASD_cortex.R	R	5837	b8208eab3cdc32ab0b6f2b5ec7ddb7be
analysis/_project_collected/Figure_helpers_ASD_cortex_v2.R	R	6592	630e7eb9e4eaa8a1702c463ec41c80b9
analysis/_project_collected/github_bundle/analysis/01_program_definition/Step01A_inventory_and_standardize.R	R	8189	a71b45dd87d415111cedb60bf4927333
analysis/_project_collected/github_bundle/analysis/01_program_definition/Step01B_BrainSpan_cortex_convergence_v2.R	R	17149	3d265ccec58afc7e416615294ab24865
analysis/_project_collected/github_bundle/analysis/01_program_definition/Step01C_BrainSpan_stage_specificity_enrichment.R	R	11186	feb763b6889fe458baea0ada63247fb4
analysis/_project_collected/github_bundle/analysis/01_program_definition/Step06B_update_program_selection_after_GSE64018_v2.R	R	7809	b68cb51ddf779e295a6f552720b72084
analysis/_project_collected/github_bundle/analysis/01_program_definition/Step06_program_summary_and_selection.R	R	16057	a1dba666aa59c2439cec44bf242735ba
analysis/_project_collected/github_bundle/analysis/02_adult_bulk/Step02_GSE102741_midPrenatal_program_projection_v2.R	R	10947	45d50c7e5ecd155a277df49f8f6e775a
analysis/_project_collected/github_bundle/analysis/02_adult_bulk/Step03b_Gandal_covariate_sensitivity_v5.R	R	21265	f7bcab32e53915a84e36038cd8914475
analysis/_project_collected/github_bundle/analysis/02_adult_bulk/Step03c_Gandal_alternative_scoring_sensitivity_v4_dedup.R	R	24104	a204f20eeac02bdde81945d5a802edc7
analysis/_project_collected/github_bundle/analysis/02_adult_bulk/Step03_Gandal_bulk_validation_v4.R	R	16280	810e9d4a116f496d4a91a0c19df68d95
analysis/_project_collected/github_bundle/analysis/02_adult_bulk/Step08B_GSE64018_remap_and_reintegration_v3.R	R	15657	9b4b98b60817bb3f7990f7592335563c
analysis/_project_collected/github_bundle/analysis/02_adult_bulk/Step08_bulk_integration_and_sensitivity_v4.R	R	13113	ee03a818adbf7b8d33328e3f6c755f2d
analysis/_project_collected/github_bundle/analysis/02_adult_bulk/Step08C_bulk_random_effects_meta_heterogeneity_v1.R	R	9324	965f43684b9f1373105fe41ea330ca98
analysis/_project_collected/github_bundle/analysis/02_adult_bulk/Step09A_bulk_leave_one_cohort_out_v2.R	R	3877	9dcc49712d41c88ec19d46e7f0e531be
analysis/_project_collected/github_bundle/analysis/02_adult_bulk/Step10A_bulk_cell_composition_deconvolution_nnls_v17.R	R	24971	cc3ebe538dcb1827d6b755fc32e088fc
analysis/_project_collected/github_bundle/analysis/02_adult_bulk/Step10A_prepare_bulk_inputs_v2.R	R	16271	c1a553b6b8b9bec300d4a1169befd42a
analysis/_project_collected/github_bundle/analysis/03_adult_singlecell/Step04B_Velmeshev_program_projection.R	R	16796	b5069b71c7a6632503ebdd0b67b93f1b
analysis/_project_collected/github_bundle/analysis/03_adult_singlecell/Step04C_Velmeshev_broadClass_covariate_model.R	R	9823	aa8ce9bea68f5d23dd10d8943e81be81
analysis/_project_collected/github_bundle/analysis/03_adult_singlecell/Step05B_PsychENCODE_program_projection.R	R	16756	3759c4f2d06543213db43f73dff96eec
analysis/_project_collected/github_bundle/analysis/03_adult_singlecell/Step05C_PsychENCODE_subtype_consistency_v3.R	R	13643	85cdf0b1829e9040d455043bf75c9bd1
analysis/_project_collected/github_bundle/analysis/03_adult_singlecell/Step05D_PsychENCODE_annotation_covariate_model_v2.R	R	11260	96ad036c4f4de1315929985cee522d02
analysis/_project_collected/github_bundle/analysis/03_adult_singlecell/Step07A_Velmeshev_UCell_AUCell_localization_v4.R	R	12891	0be42e61ab2dc24f25bc9041bd2ce416
analysis/_project_collected/github_bundle/analysis/03_adult_singlecell/Step07B_PsychENCODE_UCell_AUCell_localization_v4.R	R	12573	05bf35750ea6de068a99ecacc17e4aec
analysis/_project_collected/github_bundle/analysis/03_adult_singlecell/Step10C_adult_sc_donor_program_validation_manuscript_v2.R	R	23067	b76bb6dbc48af297b704129aca0433f0
analysis/_project_collected/github_bundle/analysis/03_adult_singlecell/Step10C_adult_sc_donor_pseudobulk_validation_raw_v5.R	R	20168	2f496e62dda0786ee2febd897288e509
analysis/_project_collected/github_bundle/analysis/04_fetal_localization/Step11A_fetal_singlecell_localization_final_fix4.R	R	25231	17f2ebc91d25c29e9f884503034a5e91
analysis/_project_collected/github_bundle/analysis/04_fetal_localization/Step11A_posthoc_annotate_Eze2021_clusters_strict.R	R	7245	5ae744032ecbc572e95a09f57b00a8b8
analysis/_project_collected/github_bundle/analysis/04_fetal_localization/Step11A_prepare_fetal_reference_from_Eze2021.R	R	13586	dff3aa03aec6bc1fa46972191ed37cea
analysis/_project_collected/github_bundle/analysis/04_fetal_localization/Step11B_GSE104276_external_fetal_replication_v3.R	R	12527	5196df7baa10a0da371248ba7035e306
analysis/_project_collected/github_bundle/analysis/04_fetal_localization/StepB_load_external_fetal_references.R	R	23965	8bbad7dd6b898f4866d41a05d1a510e7
analysis/_project_collected/github_bundle/analysis/04_fetal_localization/StepC_corrected_external_reference_prep.R	R	25459	a1658db29acc4d3df0febf35a289e6f1
analysis/_project_collected/github_bundle/analysis/04_fetal_localization/StepD_external_reference_program_scoring_fix_header_v3.R	R	31975	3404203fd2eefde9c7950b05d6103332
analysis/_project_collected/github_bundle/analysis/04_fetal_localization/StepE1_GSE162170_RNA_cluster_annotation_from_multiome_v3.R	R	18372	f98d54d917c651476bd5cd183304369c
analysis/_project_collected/github_bundle/analysis/04_fetal_localization/StepE2_external_reference_broadclass_summary_v4.R	R	7678	d6f25c48c5171a4db02ba33b88a20d0d
analysis/_project_collected/github_bundle/analysis/05_functional_refinement/Step12A_SynGO_refinement_fix2.R	R	12230	cacb9844583c96586975d78e9399ffaa
analysis/_project_collected/github_bundle/analysis/05_functional_refinement/Step12B_upstream_regulator_refinement.R	R	16603	f295ad35bedf2d7afcaa16dbec64cabf
analysis/_project_collected/github_bundle/analysis/06_specificity/Step13A_specificity_matched_random_controls.R	R	22490	06ac68808e8c5f2654f10c571919ea23
analysis/_project_collected/github_bundle/analysis/07_revision_robustness/check_GSE64018_program_overlap.R	R	1951	d518e76289c6b2d241d3eafe3d085277
analysis/_project_collected/github_bundle/analysis/07_revision_robustness/MA_round2A_alt_deconvolution_v1.R	R	16881	70e107959d1f6f194c0a0b6e664a35d3
analysis/_project_collected/github_bundle/analysis/07_revision_robustness/MA_round2B_camera_roast_v2.R	R	15167	d6c20a82b17e32b31628bc5c84296b65
analysis/_project_collected/github_bundle/analysis/07_revision_robustness/MA_round3B_GSE64018_divergence_v3.R	R	21107	f6fda1e1a8da25cabf8a856d76f9964f
analysis/_project_collected/github_bundle/figures/main/Figure1_program_selection_v13_fullnames.R	R	7988	bb0d5f3ecd047ababb6c80727cc4a886
analysis/_project_collected/github_bundle/figures/main/Figure2_adult_bulk_singlecell_v5_labelsync.R	R	7301	86b6773f87150e090d7bdf19b9ccd65f
analysis/_project_collected/github_bundle/figures/main/Figure3_deconvolution_v6_consistency.R	R	13182	55532706173529bd41ba9169edcad148
analysis/_project_collected/github_bundle/figures/main/Figure4_fetal_localization_v3.R	R	7750	57ba00dac7f76c48126fe640d4eb38ee
analysis/_project_collected/github_bundle/figures/main/Figure5_functional_refinement_v5_labelsync_final.R	R	10962	a85b9ec7d63657812f349c45860232aa
analysis/_project_collected/github_bundle/figures/main/Figure6_specificity_controls_v4_labelsync.R	R	12681	ddd48e62b0356ca2c242ae8a8ec75d84
analysis/_project_collected/inspect_Gandal2022_metadata_v1.R	R	5784	d210175239efdf50c031cdcb15a68e65
analysis/_project_collected/Inspect_Gandal_objects.R	R	1341	4e9e3a48dd527f5dfc755d4cb1f7e92c
analysis/_project_collected/Inspect_Gandal_RData.R	R	3606	894cddfa93b6c8408d4e57683c1a951a
analysis/_project_collected/MA_round2A_alt_deconvolution_v1.R	R	16881	70e107959d1f6f194c0a0b6e664a35d3
analysis/_project_collected/MA_round2B_camera_roast_v1.R	R	15047	1b014215c4fe2382d9d6934135a6b6d6
analysis/_project_collected/MA_round2B_camera_roast_v2.R	R	15167	d6c20a82b17e32b31628bc5c84296b65
analysis/_project_collected/MA_round3A_Gandal_geneid_inspect_v1.R	R	7392	cba4c11e3e6f9395da9d83b53173adbb
analysis/_project_collected/MA_round3A_Gandal_geneid_inspect_v2.R	R	10277	a10eba8add9e285273dfb2699280c1f0
analysis/_project_collected/MA_round3A_Gandal_geneid_inspect_v3.R	R	8273	4743d8d2dfca7b023fcd786998916371
analysis/_project_collected/MA_round3A_Gandal_mapping_diagnose_v1.R	R	9471	b3417a298fb80e5a87b7cd29f8601014
analysis/_project_collected/MA_round3A_Gandal_mapping_diagnose_v2.R	R	12614	f525f4853c3c6b560cb2984c61c52bd9
analysis/_project_collected/MA_round3A_Gandal_mapping_diagnose_v3.R	R	12613	3afc9e660f33832187f3972f12b38f7e
analysis/_project_collected/MA_round3A_Gandal_object_inventory_v1.R	R	5813	44acd1d7b296e0fc2ef4124606e8242b
analysis/_project_collected/MA_round3A_Gandal_object_inventory_v2.R	R	7901	4c75c502ddf47ebc6f864692fcf32a70
analysis/_project_collected/MA_round3A_Gandal_object_inventory_v3.R	R	7958	fa54fca4681b9b760f1633a9b87c6e17
analysis/_project_collected/MA_round3B_GSE64018_divergence_v1.R	R	21073	1a8c9a5197aeab177f50773b7e3d3b7a
analysis/_project_collected/MA_round3B_GSE64018_divergence_v2.R	R	21071	b1bbd72895651f351880fff7d84649ad
analysis/_project_collected/MA_round3B_GSE64018_divergence_v3.R	R	21107	f6fda1e1a8da25cabf8a856d76f9964f
analysis/_project_collected/Q6_adult_sc_mixed_effects_v1.R	R	11559	1c2144391245cfc978bf9788f92fa133
analysis/_project_collected/R1A_sfari_program_overlap_audit.R	R	7707	0c73597a75a9dc34baeffd63c16db9f0
analysis/_project_collected/R1A_sfari_program_overlap_audit_v2.R	R	10971	606a59fa54f3ff3735ab251d8758632f
analysis/_project_collected/R1D_alt_gene_sets_and_sfari_strata.R	R	4095	e581c168c15b59f64b7d6748d596527e
analysis/_project_collected/R1D_alt_gene_sets_and_sfari_strata_v3.R	R	15159	8d9ec13ab56e14da06922cce238cb168
analysis/_project_collected/R1D_alt_gene_sets_and_sfari_strata_v4.R	R	16667	b59da8d4ce5732c02a5e605f0dc9d4b2
analysis/_project_collected/R1D_alt_gene_sets_and_sfari_strata_v5.R	R	17009	37cb1fef5a42ae3c5c85fe478f7f7aea
analysis/_project_collected/Step01A_inventory_and_standardize.R	R	8189	a71b45dd87d415111cedb60bf4927333
analysis/_project_collected/Step01B_BrainSpan_cortex_convergence.R	R	14412	f10936022b48f82c977ebc1b9eec8887
analysis/_project_collected/Step01B_BrainSpan_cortex_convergence_v2.R	R	17149	3d265ccec58afc7e416615294ab24865
analysis/_project_collected/Step01C_BrainSpan_stage_specificity_enrichment.R	R	11186	feb763b6889fe458baea0ada63247fb4
analysis/_project_collected/step01_prepare/00_install_required_packages.R	R	687	8df889ebbba5f923bbd79dc203b2970b
analysis/_project_collected/step01_prepare/Figure3_deconvolution_v8_from_prepost_strict.R	R	11377	d16f95d938d59cee4f9c2614e1a6cd71
analysis/_project_collected/step01_prepare/Step01A_inventory_and_standardize.R	R	8189	a71b45dd87d415111cedb60bf4927333
analysis/_project_collected/step01_prepare/Step01B_BrainSpan_cortex_convergence.R	R	14412	f10936022b48f82c977ebc1b9eec8887
analysis/_project_collected/step01_prepare/Step01B_BrainSpan_cortex_convergence_v2.R	R	17149	3d265ccec58afc7e416615294ab24865
analysis/_project_collected/step01_prepare/Step01C_BrainSpan_stage_specificity_enrichment.R	R	11186	feb763b6889fe458baea0ada63247fb4
analysis/_project_collected/step01_prepare/Step02_GSE102741_midPrenatal_program_projection.R	R	11781	dc51055d7c68b757217a2af8aad96bc4
analysis/_project_collected/step01_prepare/Step02_GSE102741_midPrenatal_program_projection_v2.R	R	10947	45d50c7e5ecd155a277df49f8f6e775a
analysis/_project_collected/step01_prepare/Step03_Gandal_bulk_validation.R	R	15111	6672f700fcc0a9040efe1660ccae8b24
analysis/_project_collected/step01_prepare/Step03_Gandal_bulk_validation_v3.R	R	16493	f58064fedb53847be6ab8f23fd5e2313
analysis/_project_collected/step01_prepare/Step03_Gandal_bulk_validation_v4.R	R	16280	810e9d4a116f496d4a91a0c19df68d95
analysis/_project_collected/step01_prepare/Step04B_Velmeshev_program_projection_ASDbase.R	R	16954	8eea4935f1c1a4b6cfc3894551b17845
analysis/_project_collected/step01_prepare/Step04B_Velmeshev_program_projection.R	R	16796	b5069b71c7a6632503ebdd0b67b93f1b
analysis/_project_collected/step01_prepare/Step04C_Velmeshev_broadClass_covariate_model.R	R	9823	aa8ce9bea68f5d23dd10d8943e81be81
analysis/_project_collected/step01_prepare/Step05A_PsychENCODE_inventory.R	R	9464	87cbf9001a48cdbe6cd65b294bf8f782
analysis/_project_collected/step01_prepare/Step05B_PsychENCODE_program_projection.R	R	16756	3759c4f2d06543213db43f73dff96eec
analysis/_project_collected/step01_prepare/Step05C_PsychENCODE_subtype_consistency.R	R	12194	4472e8de7bb0090c66527f2b425cfc9b
analysis/_project_collected/step01_prepare/Step05C_PsychENCODE_subtype_consistency_v2.R	R	12965	dfbd8f7dddb429a8704f2ec4c5480f72
analysis/_project_collected/step01_prepare/Step05C_PsychENCODE_subtype_consistency_v3.R	R	13643	85cdf0b1829e9040d455043bf75c9bd1
analysis/_project_collected/step01_prepare/Step05D_PsychENCODE_annotation_covariate_model.R	R	11099	39f741fe12902c052db52ae2153f7633
analysis/_project_collected/step01_prepare/Step05D_PsychENCODE_annotation_covariate_model_v2.R	R	11260	96ad036c4f4de1315929985cee522d02
analysis/_project_collected/step01_prepare/Step06B_update_program_selection_after_GSE64018.R	R	7556	5335de76684ce45573b4703c4fe530db
analysis/_project_collected/step01_prepare/Step06B_update_program_selection_after_GSE64018_v2.R	R	7809	b68cb51ddf779e295a6f552720b72084
analysis/_project_collected/step01_prepare/Step06_program_summary_and_selection.R	R	16057	a1dba666aa59c2439cec44bf242735ba
analysis/_project_collected/step01_prepare/Step07A_Velmeshev_UCell_AUCell_localization_v3.R	R	12725	e680b4786803ef579c119434a6fe1fc2
analysis/_project_collected/step01_prepare/Step07A_Velmeshev_UCell_AUCell_localization_v4.R	R	12891	0be42e61ab2dc24f25bc9041bd2ce416
analysis/_project_collected/step01_prepare/Step07B_PsychENCODE_UCell_AUCell_localization_v3.R	R	12407	d3cf3e8cf29c53ce56659ad4a5a657d8
analysis/_project_collected/step01_prepare/Step07B_PsychENCODE_UCell_AUCell_localization_v4.R	R	12573	05bf35750ea6de068a99ecacc17e4aec
analysis/_project_collected/step01_prepare/Step07_singleCell_UCell_AUCell_localization.R	R	15597	f0747c125270a66adfa3d3427d590861
analysis/_project_collected/step01_prepare/Step07_singleCell_UCell_AUCell_localization_v2.R	R	16854	c071d91183983da42ba942a9741befab
analysis/_project_collected/step01_prepare/Step08B_GSE64018_remap_and_reintegration.R	R	14806	a68adc74bb05eef064f59088e4ed66d9
analysis/_project_collected/step01_prepare/Step08B_GSE64018_remap_and_reintegration_v2.R	R	15853	790550c83f5fc84210096c4e61b249fe
analysis/_project_collected/step01_prepare/Step08_bulk_integration_and_sensitivity.R	R	10703	c46980d8e2322682054d944c65ac2bfd
analysis/_project_collected/step01_prepare/Step08_bulk_integration_and_sensitivity_v2.R	R	12250	59caadd4b169c346953e8079a22126a7
analysis/_project_collected/step01_prepare/Step08_bulk_integration_and_sensitivity_v3.R	R	12247	12cbb150b34c05d4042192f17b6fdfbf
analysis/_project_collected/step01_prepare/Step08_bulk_integration_and_sensitivity_v4.R	R	13113	ee03a818adbf7b8d33328e3f6c755f2d
analysis/_project_collected/step01_prepare/Step09A_bulk_leave_one_cohort_out.R	R	3698	b342e27d38035c34fd4c4a5df907dcce
analysis/_project_collected/step01_prepare/Step09A_bulk_leave_one_cohort_out_v2.R	R	3877	9dcc49712d41c88ec19d46e7f0e531be
analysis/_project_collected/step01_prepare/Step10A_bulk_cell_composition_deconvolution_nnls.R	R	15097	d5c738a72849f5a813e8e3099821f097
analysis/_project_collected/step01_prepare/Step10B_donor_level_sc_pseudobulk_celltype_differences.R	R	10453	ac21dfc05e3008f1b1982d3d7af6cb0a
analysis/_project_collected/step01_prepare/Step11A_fetal_singlecell_developmental_state_localization.R	R	8506	b1c498a5fd2f8d87b5c9b0a018ab686e
analysis/_project_collected/step01_prepare/Step11B_SynGO_and_upstream_regulatory_refinement.R	R	6972	7269ebeea50fc247e6ba9903c64240a4
analysis/_project_collected/step01_prepare/Step12A_specificity_matched_random_controls.R	R	7116	adb191740769dbb6fb542e13f196e574
analysis/_project_collected/step01_prepare/tmp_find_figure3_inputs/find_figure3_inputs.py	py	8944	76b0dde7156756a0fad8c5e61087ebda
analysis/_project_collected/Step02_GSE102741_midPrenatal_program_projection.R	R	11781	dc51055d7c68b757217a2af8aad96bc4
analysis/_project_collected/Step02_GSE102741_midPrenatal_program_projection_v2.R	R	10947	45d50c7e5ecd155a277df49f8f6e775a
analysis/_project_collected/Step03b_Gandal_covariate_sensitivity_v1.R	R	23459	d3547728b033b916bdeb5d78bee110c6
analysis/_project_collected/Step03b_Gandal_covariate_sensitivity_v2.R	R	23544	031595cc19e5b2cca0dd909e4bbe8121
analysis/_project_collected/Step03b_Gandal_covariate_sensitivity_v3.R	R	21432	5982759e7ee24bb2b1d8f4bbb6d7dfb4
analysis/_project_collected/Step03b_Gandal_covariate_sensitivity_v4.R	R	21147	ff4d00d89b75c765af32b8546bad6070
analysis/_project_collected/Step03b_Gandal_covariate_sensitivity_v5.R	R	21265	f7bcab32e53915a84e36038cd8914475
analysis/_project_collected/Step03c_Gandal_alternative_scoring_sensitivity_v1.R	R	22904	993764df5fa096f4be6c7282f637bcb3
analysis/_project_collected/Step03c_Gandal_alternative_scoring_sensitivity_v2.R	R	23899	2567d09398eec1578b70de7a9d0525a2
analysis/_project_collected/Step03c_Gandal_alternative_scoring_sensitivity_v3_regen2.R	R	23912	c69e5b2ffe82bedbd29e1ce2f1fcaad5
analysis/_project_collected/Step03c_Gandal_alternative_scoring_sensitivity_v4_dedup.R	R	24104	a204f20eeac02bdde81945d5a802edc7
analysis/_project_collected/Step03_Gandal_bulk_validation.R	R	15111	6672f700fcc0a9040efe1660ccae8b24
analysis/_project_collected/Step03_Gandal_bulk_validation_v3.R	R	16493	f58064fedb53847be6ab8f23fd5e2313
analysis/_project_collected/Step03_Gandal_bulk_validation_v4.R	R	16280	810e9d4a116f496d4a91a0c19df68d95
analysis/_project_collected/Step04A_Velmeshev_inventory.R	R	7354	185f185912c00475ab5dd5011d4aa541
analysis/_project_collected/Step04B_Velmeshev_program_projection_ASDbase.R	R	16954	8eea4935f1c1a4b6cfc3894551b17845
analysis/_project_collected/Step04B_Velmeshev_program_projection.R	R	16796	b5069b71c7a6632503ebdd0b67b93f1b
analysis/_project_collected/Step04C_Velmeshev_broadClass_covariate_model.R	R	9823	aa8ce9bea68f5d23dd10d8943e81be81
analysis/_project_collected/Step05A_PsychENCODE_inventory.R	R	9464	87cbf9001a48cdbe6cd65b294bf8f782
analysis/_project_collected/Step05B_PsychENCODE_program_projection.R	R	16756	3759c4f2d06543213db43f73dff96eec
analysis/_project_collected/Step05C_PsychENCODE_subtype_consistency.R	R	12194	4472e8de7bb0090c66527f2b425cfc9b
analysis/_project_collected/Step05C_PsychENCODE_subtype_consistency_v2.R	R	12965	dfbd8f7dddb429a8704f2ec4c5480f72
analysis/_project_collected/Step05C_PsychENCODE_subtype_consistency_v3.R	R	13643	85cdf0b1829e9040d455043bf75c9bd1
analysis/_project_collected/Step05D_PsychENCODE_annotation_covariate_model.R	R	11099	39f741fe12902c052db52ae2153f7633
analysis/_project_collected/Step05D_PsychENCODE_annotation_covariate_model_v2.R	R	11260	96ad036c4f4de1315929985cee522d02
analysis/_project_collected/Step06B_update_program_selection_after_GSE64018.R	R	7556	5335de76684ce45573b4703c4fe530db
analysis/_project_collected/Step06B_update_program_selection_after_GSE64018_v2.R	R	7809	b68cb51ddf779e295a6f552720b72084
analysis/_project_collected/Step06_program_summary_and_selection.R	R	16057	a1dba666aa59c2439cec44bf242735ba
analysis/_project_collected/Step07A_Velmeshev_UCell_AUCell_localization_v3.R	R	12725	e680b4786803ef579c119434a6fe1fc2
analysis/_project_collected/Step07A_Velmeshev_UCell_AUCell_localization_v4.R	R	12891	0be42e61ab2dc24f25bc9041bd2ce416
analysis/_project_collected/Step07B_PsychENCODE_UCell_AUCell_localization_v3.R	R	12407	d3cf3e8cf29c53ce56659ad4a5a657d8
analysis/_project_collected/Step07B_PsychENCODE_UCell_AUCell_localization_v4.R	R	12573	05bf35750ea6de068a99ecacc17e4aec
analysis/_project_collected/Step07_singleCell_UCell_AUCell_localization.R	R	15597	f0747c125270a66adfa3d3427d590861
analysis/_project_collected/Step07_singleCell_UCell_AUCell_localization_v2.R	R	16854	c071d91183983da42ba942a9741befab
analysis/_project_collected/Step08A_GSE64018_id_inspection.R	R	9949	a917cce9103cf5ceeffeb9c701b79704
analysis/_project_collected/Step08B_GSE64018_remap_and_reintegration.R	R	14806	a68adc74bb05eef064f59088e4ed66d9
analysis/_project_collected/Step08B_GSE64018_remap_and_reintegration_v2.R	R	15853	790550c83f5fc84210096c4e61b249fe
analysis/_project_collected/Step08B_GSE64018_remap_and_reintegration_v3.R	R	15657	9b4b98b60817bb3f7990f7592335563c
analysis/_project_collected/Step08_bulk_integration_and_sensitivity.R	R	10703	c46980d8e2322682054d944c65ac2bfd
analysis/_project_collected/Step08_bulk_integration_and_sensitivity_v2.R	R	12250	59caadd4b169c346953e8079a22126a7
analysis/_project_collected/Step08_bulk_integration_and_sensitivity_v3.R	R	12247	12cbb150b34c05d4042192f17b6fdfbf
analysis/_project_collected/Step08_bulk_integration_and_sensitivity_v4.R	R	13113	ee03a818adbf7b8d33328e3f6c755f2d
analysis/_project_collected/Step08C_bulk_random_effects_meta_heterogeneity_v1.R	R	9324	965f43684b9f1373105fe41ea330ca98
analysis/_project_collected/Step09A_bulk_leave_one_cohort_out.R	R	3698	b342e27d38035c34fd4c4a5df907dcce
analysis/_project_collected/Step09A_bulk_leave_one_cohort_out_v2.R	R	3877	9dcc49712d41c88ec19d46e7f0e531be
analysis/_project_collected/Step10A_bulk_cell_composition_deconvolution_nnls_v10.R	R	24386	fabc5078fa6bf6fb5345c91bcab9ba08
analysis/_project_collected/Step10A_bulk_cell_composition_deconvolution_nnls_v11.R	R	24212	d200dc5b81ff1225f9af34f77ad030d4
analysis/_project_collected/Step10A_bulk_cell_composition_deconvolution_nnls_v12.R	R	27866	188763bf50f1391e7e1efc0cf5cebd38
analysis/_project_collected/Step10A_bulk_cell_composition_deconvolution_nnls_v13.R	R	28176	597d5bc88b61e6fcc778e15fcd2e8906
analysis/_project_collected/Step10A_bulk_cell_composition_deconvolution_nnls_v14.R	R	28382	eec0f7157f5595a7437942dbc3ed0181
analysis/_project_collected/Step10A_bulk_cell_composition_deconvolution_nnls_v15.R	R	22015	ea902b838f73bafcf1f097c6727d74fa
analysis/_project_collected/Step10A_bulk_cell_composition_deconvolution_nnls_v16.R	R	24828	ec6c40f76a7e6a656953c13beee51c02
analysis/_project_collected/Step10A_bulk_cell_composition_deconvolution_nnls_v17.R	R	24971	cc3ebe538dcb1827d6b755fc32e088fc
analysis/_project_collected/Step10A_bulk_cell_composition_deconvolution_nnls_v2.R	R	23464	3e8c68d5ab690023effceb581f84da3a
analysis/_project_collected/Step10A_bulk_cell_composition_deconvolution_nnls_v3.R	R	24267	65becb2f7aa25a72d36454277f7476d1
analysis/_project_collected/Step10A_bulk_cell_composition_deconvolution_nnls_v4.R	R	24743	b0ac67c61cf8a8a2ea5eba9dab8e396d
analysis/_project_collected/Step10A_bulk_cell_composition_deconvolution_nnls_v5.R	R	24995	fe2995be49ef3ebec2020d93c779b356
analysis/_project_collected/Step10A_bulk_cell_composition_deconvolution_nnls_v6.R	R	26189	9fa0f3ec5d965d5cb98f41173317d94b
analysis/_project_collected/Step10A_bulk_cell_composition_deconvolution_nnls_v7.R	R	26208	d387dcf9a10d0fd21ee859ef291de6e7
analysis/_project_collected/Step10A_bulk_cell_composition_deconvolution_nnls_v8.R	R	26229	77357eb45267063b38c37903de78c3ce
analysis/_project_collected/Step10A_bulk_cell_composition_deconvolution_nnls_v9.R	R	27697	500722b44e38f3b403c0509987a5f7ce
analysis/_project_collected/Step10A_prepare_bulk_inputs_v2.R	R	16271	c1a553b6b8b9bec300d4a1169befd42a
analysis/_project_collected/Step10C_adult_sc_donor_program_validation_manuscript_v1.R	R	22733	446dee4aadd0638d4004b51e7ab9bb5c
analysis/_project_collected/Step10C_adult_sc_donor_program_validation_manuscript_v2.R	R	23067	b76bb6dbc48af297b704129aca0433f0
analysis/_project_collected/Step10C_adult_sc_donor_pseudobulk_validation_raw_v2.R	R	21280	2be4cf71f5e1603323c06e17d9a7e36b
analysis/_project_collected/Step10C_adult_sc_donor_pseudobulk_validation_raw_v3.R	R	19939	fcbf04332ad4d8ed61554db429d4c2c0
analysis/_project_collected/Step10C_adult_sc_donor_pseudobulk_validation_raw_v4.R	R	20046	f02ce777ad02c62dffece3d7adeebf6a
analysis/_project_collected/Step10C_adult_sc_donor_pseudobulk_validation_raw_v5.R	R	20168	2f496e62dda0786ee2febd897288e509
analysis/_project_collected/Step11A_fetal_singlecell_localization_final_fix1.R	R	23987	ddbfacd53b9576408b67e4dcf7335c50
analysis/_project_collected/Step11A_fetal_singlecell_localization_final_fix2.R	R	24549	e985176d6ef809e991cd1d599f04f362
analysis/_project_collected/Step11A_fetal_singlecell_localization_final_fix3.R	R	24589	8395cc03e4c075c9459462e303d69f87
analysis/_project_collected/Step11A_fetal_singlecell_localization_final_fix4.R	R	25231	17f2ebc91d25c29e9f884503034a5e91
analysis/_project_collected/Step11A_fetal_singlecell_localization_final.R	R	23997	0e945e7ce4b783f309b31d860a02594b
analysis/_project_collected/Step11A_fetal_singlecell_localization_v2.R	R	31713	5e264d934e1d57b2cc72da1441508e6f
analysis/_project_collected/Step11A_posthoc_annotate_Eze2021_clusters_fix1.R	R	9596	e66c32776057ae6a5ac16e836295a21a
analysis/_project_collected/Step11A_posthoc_annotate_Eze2021_clusters.R	R	9267	dfc61b203f087c646473780a92852c8f
analysis/_project_collected/Step11A_posthoc_annotate_Eze2021_clusters_strict.R	R	7245	5ae744032ecbc572e95a09f57b00a8b8
analysis/_project_collected/Step11A_prepare_fetal_reference_from_Eze2021.R	R	13586	dff3aa03aec6bc1fa46972191ed37cea
analysis/_project_collected/Step11A_prepare_fetal_reference_fullgenes_from_Eze2021.R	R	12874	53096d0a61014442e3afe2dc35a4d900
analysis/_project_collected/Step11A_prepare_fetal_reference_fullgenes_from_Eze2021_v3.R	R	14206	e6fc4379077b3907fe85880d6230f7c9
analysis/_project_collected/Step11A_prepare_fetal_reference_fullgenes_from_Eze2021_v5.R	R	12874	33d8ed19a59711f34019d99e48ec0608
analysis/_project_collected/Step11A_prepare_fetal_reference_fullgenes_from_Eze2021_v6.R	R	12885	d6cf035322c382715e0c1d6499fab719
analysis/_project_collected/Step11B_GSE104276_external_fetal_replication.R	R	12229	30f42e06c5a82f2bc32e3fb60fb6bc0b
analysis/_project_collected/Step11B_GSE104276_external_fetal_replication_v2.R	R	16216	03a2e1b016a1f237dad3f878507c3d82
analysis/_project_collected/Step11B_GSE104276_external_fetal_replication_v3.R	R	12527	5196df7baa10a0da371248ba7035e306
analysis/_project_collected/Step11C_fetal_trajectory_handoff_fullgene_v1.R	R	33862	27dc33f7e0227e49303830c5aa0766c1
analysis/_project_collected/Step11C_fetal_trajectory_handoff_fullgene_v2.R	R	35540	a9046e38e43c1b0744d46fee099aa43a
analysis/_project_collected/Step11C_fetal_trajectory_handoff_fullgene_v3.R	R	37311	92706c6abf6618c8de3e7b238100c5e8
analysis/_project_collected/Step11C_fetal_trajectory_handoff.R	R	33790	36557d4756c56340c4fb5e380ee873fa
analysis/_project_collected/Step11D_public_fetal_replication_Nowakowski_GSE162170.R	R	22336	af40a5f5fa2a8750f9444aee526f41e9
analysis/_project_collected/Step11D_public_fetal_replication_Nowakowski_GSE162170_v2.R	R	22782	a7fa68372e1199ee45445628f1cea752
analysis/_project_collected/Step11D_public_fetal_replication_Nowakowski_GSE162170_v3.R	R	22011	60c2adfb3925b958dc22c6b14d6d48a0
analysis/_project_collected/Step11D_public_fetal_replication_Nowakowski_GSE162170_v4.R	R	22013	f669a2acf9597ff87d09d612de184ea1
analysis/_project_collected/Step11D_public_fetal_replication_Nowakowski_GSE162170_v5.R	R	22631	0dea72cbebc33756672c591622e5b78e
analysis/_project_collected/Step11E_A_multiome_intake_alignment_v1.R	R	15026	27dc9d1c0b4202e32aa0bfed0bbfffb5
analysis/_project_collected/Step11E_B3_cluster_bridge_v1.R	R	17274	e6fe8c9720b0ef35b8e3608b9cb53426
analysis/_project_collected/Step11E_B3_cluster_bridge_v2.R	R	18938	814424e400b6db73b57db7f0fb82e3f4
analysis/_project_collected/Step11E_B_rna_geneactivity_bridge_v1.R	R	17422	14bd6e4a89ea58084d1b76bd7ea35afc
analysis/_project_collected/Step11E_B_rna_geneactivity_bridge_v2.R	R	17221	2ec5778cedf3d5913995ebd5e323de89
analysis/_project_collected/Step11E_C_debug2_order_mapping_v1.R	R	22097	8a60ccbd66cb80cd597ac828b168ce58
analysis/_project_collected/Step11E_C_debug2_order_mapping_v2.R	R	21991	e4fce3245d26c60f4b68617bed19c09e
analysis/_project_collected/Step11E_C_debug_ATAC_format_v1.R	R	9915	d3079617437b8bc9cd7c52d098c47073
analysis/_project_collected/Step11E_C_rawATAC_promoter_v1.R	R	21828	575115299d8f644a0d2ce3b05d6fd9fc
analysis/_project_collected/Step11E_C_rawATAC_promoter_v2.R	R	22194	48b8bf91ec9e817c2ac0ec6f90df7b1f
analysis/_project_collected/Step11E_C_rawATAC_promoter_v3.R	R	22411	3a8fb5c7a93c7d28f7d915fcd6e8cfce
analysis/_project_collected/Step11E_C_rawATAC_promoter_v4.R	R	24543	2eedbae89d56a2be773def62c2c54f21
analysis/_project_collected/Step11E_C_rawATAC_promoter_v5.R	R	24775	e1326b3d5c85fb610aa02191f2a13cbb
analysis/_project_collected/Step11E_C_rawATAC_promoter_v6.R	R	25520	c13c23f0650b86f8c1118b953af2d9b9
analysis/_project_collected/Step11G_multiome_TFtarget_bridge_v1.R	R	15426	bdc831a1dfbd7c0829358b352cb85299
analysis/_project_collected/Step11G_multiome_TFtarget_bridge_v2.R	R	15815	11c63d61b7545c7145806a6fd147b106
analysis/_project_collected/Step11H_adult_neuronal_subclass_endpoint_v1.R	R	12821	3ffcc77ad1ca0ddacbce21de052239d5
analysis/_project_collected/Step11I_GSE162170_ATAC_chromVAR_selected_axes_v1.R	R	11460	7f9ab081bea88eb5b97117f46e43dd4c
analysis/_project_collected/Step11I_GSE162170_ATAC_chromVAR_selected_axes_v2.R	R	12157	11b834c5ee3396529bd844eca5710118
analysis/_project_collected/Step11I_GSE162170_ATAC_chromVAR_selected_axes_v3.R	R	12161	db449f6e8e2268e9a3d3d872b4af2dd7
analysis/_project_collected/Step11I_GSE162170_ATAC_chromVAR_selected_axes_v4.R	R	12303	df9fe508a48897641eb288bee5020f4d
analysis/_project_collected/Step11I_GSE162170_ATAC_chromVAR_selected_axes_v5.R	R	12590	932fb355512a960eec7cc5435fcb1254
analysis/_project_collected/Step11I_GSE162170_ATAC_chromVAR_selected_axes_v6.R	R	13126	1b1e222bda0fef9577820989dd4aa782
analysis/_project_collected/Step11I_GSE162170_ATAC_chromVAR_selected_axes_v8.R	R	13167	afda5cd3eb9f59e8ad5141c9dc9dd689
analysis/_project_collected/Step11J_SFARIall_synaptic_submodule_refinement_v1.R	R	20853	a2c6e540bef7f5dd70df289b4f1d2ea9
analysis/_project_collected/Step11K_GSE162170_ATAC_regulon_proxy_v1.R	R	13324	adb1ca691528e5682dfe9164e76d8fd0
analysis/_project_collected/Step11K_GSE162170_ATAC_regulon_proxy_v2.R	R	13611	3bc48c5fd86964247ee041bc1772cb9c
analysis/_project_collected/Step11K_GSE162170_ATAC_regulon_proxy_v3.R	R	13581	871833f90d249071e51d52064f6f43f2
analysis/_project_collected/Step11L_ordered_bridge_chain_v1.R	R	26060	e6fe4ae5770a57f605d5bb2a9a984f14
analysis/_project_collected/Step11M_cross_disorder_specificity_v1.R	R	16092	10280bc09e39d62a528a7f409bc6ab49
analysis/_project_collected/Step11M_cross_disorder_specificity_v2.R	R	19063	8d7ff110f19d5ff38c600bf12e1fa055
analysis/_project_collected/Step11N_regulator_orthogonal_validation_v1.R	R	13010	7eaeb51ec7eccf6b97630c429bce68c1
analysis/_project_collected/Step12A_SynGO_refinement_fix1.R	R	15951	f76e2550a6349bff0f4582974a414dc2
analysis/_project_collected/Step12A_SynGO_refinement_fix2.R	R	12230	cacb9844583c96586975d78e9399ffaa
analysis/_project_collected/Step12A_SynGO_refinement.R	R	15863	f9995d8410e844ec57e377813c828a33
analysis/_project_collected/Step12B_upstream_regulator_refinement.R	R	16603	f295ad35bedf2d7afcaa16dbec64cabf
analysis/_project_collected/Step13A_specificity_matched_random_controls.R	R	22490	06ac68808e8c5f2654f10c571919ea23
analysis/_project_collected/Step15_make_concise_summary_tables_v1.R	R	16243	5555bfcd5af0b20fb59fdbd9ca807fd6
analysis/_project_collected/Step15_make_concise_summary_tables_v2.R	R	15707	0710409bd0d3f83ab868089c18e48743
analysis/_project_collected/Step15_make_concise_summary_tables_v3_regen.R	R	12594	0afd840007e6190c934435de119cad19
analysis/_project_collected/Step15_make_concise_summary_tables_v4_regen.R	R	12039	06d09ae73c0ef6a5bbf89bc04b539576
analysis/_project_collected/step60_MA_strengthening_inputs/scripts/00b_extract_candidate_shortlist.sh	sh	7213	26c56c8f09201cb2d5908e18614b8e14
analysis/_project_collected/step60_MA_strengthening_inputs/scripts/00_find_strengthening_inputs.sh	sh	7938	6f5ea489a018835c0b61a3212b206077
analysis/_project_collected/step60_MA_strengthening/scripts/inspect_Step11M_cross_disorder_files.sh	sh	1782	cffebd721cac98d74b54f33b11542d0a
analysis/_project_collected/step60_MA_strengthening/scripts/Step60B_C_detection_and_crossdisorder.R	R	23850	93221e385c15dc1489c954cfc6d17a0b
analysis/_project_collected/step60_MA_strengthening_v2/scripts/01_inspect_bulk_cross_inputs_v2.sh	sh	5304	afe957fabed6973ecf328b4c589ca3b1
analysis/_project_collected/step60_MA_strengthening_v2/scripts/Step60B_detection_filtered_rescoring_v2.R	R	19366	5031c9a69916a382050982a3668e829b
analysis/_project_collected/step60_MA_strengthening_v3/scripts/inspect_Step60A_BrainSpan_inputs.sh	sh	6206	d6b75dc5a495d05b8162f585c31714e8
analysis/_project_collected/step60_MA_strengthening_v3/scripts/Step60A_BrainSpan_boundary_sensitivity_v1.R	R	19143	b550f6d4cfa512749648e722d6ea2e9f
analysis/_project_collected/step60_MA_strengthening_v3/scripts/Step60B_add_Gandal_and_merge_v4.R	R	13158	2e45a4a78144d57f964d8b03267a45f0
analysis/_project_collected/step60_MA_strengthening_v3/scripts/Step60B_detection_filtered_rescoring_v3.R	R	12965	c2d94ecee3cfd300db1bdbfab38d506b
analysis/_project_collected/StepB_load_external_fetal_references.R	R	23965	8bbad7dd6b898f4866d41a05d1a510e7
analysis/_project_collected/StepD_external_reference_program_scoring_final.R	R	30135	5cd2ade0b00fea672c91dd6756acf275
analysis/_project_collected/StepD_external_reference_program_scoring_fix_header.R	R	31168	adb3a0573f58e3fc12085b0ff10f003e
analysis/_project_collected/StepD_external_reference_program_scoring_fix_header_v2.R	R	31274	b22b74735ce5a9c45e27ac868bc1f20f
analysis/_project_collected/StepD_external_reference_program_scoring_fix_header_v3.R	R	31975	3404203fd2eefde9c7950b05d6103332
analysis/_project_collected/Supplementary_Figure_adjusted_meta_summary_v1.R	R	3021	094aae668f9611eecf93347c3270ddfc
analysis/_project_collected/Supplementary_Figure_S1_v3_fixlabels.R	R	5057	cd7887401551a544607ed10b11b9eee4
analysis/_project_collected/Supplementary_Figure_S1_v4.R	R	5369	d1ea5dcfb07dd6053b49db31398b3d34
analysis/_project_collected/Supplementary_Figure_S1_v5_final.R	R	5589	ddd64c70c5218b09f0bd9c77950f57a3
analysis/_project_collected/Supplementary_Figure_S1_v6_finalfix.R	R	5229	853531442e2c7b91650038d01c3e1cb8
analysis/_project_collected/Supplementary_Figure_S1_v7_fullnames.R	R	5309	ca4f3a22863ae67b494747c1f1f71b27
analysis/_project_collected/Supplementary_Figure_S7_v2_fixlabels.R	R	9227	6aed12d6029046626065e353a6956955
analysis/_project_collected/Supplementary_Figures_master.R	R	34344	13d4c633702145129fa6596120cac375
analysis/_project_collected/Supplementary_Figures_master_v2.R	R	38224	5b9d1e74662c47b81aac031b01561b95
analysis/_project_collected/Supplementary_Figures_master_v3_fullnames.R	R	38507	3dfa630c2bb0d8aa08ed15ee03db70c6
analysis/_project_collected/Supplementary_Figure_sourcepool_mapping_schematic_v1.R	R	6124	a01a78083e25f9cd164d0978439c68ae
analysis/_project_collected/Supplementary_Figure_sourcepool_mapping_schematic_v2_fixAlabels.R	R	6332	5cac6903401abb20a4899bcdadb3b3f8
figures/main/Figure1_program_selection_v13_fullnames.R	R	7988	bb0d5f3ecd047ababb6c80727cc4a886
figures/main/Figure2_adult_bulk_singlecell_v5_labelsync.R	R	7301	86b6773f87150e090d7bdf19b9ccd65f
figures/main/Figure3_deconvolution_v6_consistency.R	R	13182	55532706173529bd41ba9169edcad148
figures/main/Figure4_fetal_localization_v3.R	R	7750	57ba00dac7f76c48126fe640d4eb38ee
figures/main/Figure5_functional_refinement_v5_labelsync_final.R	R	10962	a85b9ec7d63657812f349c45860232aa
figures/main/Figure6_specificity_controls_v4_labelsync.R	R	12681	ddd48e62b0356ca2c242ae8a8ec75d84
manifests/FALLBACK_CANDIDATE_CODE_NOT_COPIED_BY_DEFAULT.tsv	tsv	7401	547e2a904abb3633fec1d363b0167816
